-- phpMyAdmin SQL Dump
-- version 3.3.9
-- http://www.phpmyadmin.net
--
-- Host: localhost
-- Generation Time: Dec 07, 2014 at 01:06 PM
-- Server version: 5.5.8
-- PHP Version: 5.3.5

SET SQL_MODE="NO_AUTO_VALUE_ON_ZERO";


/*!40101 SET @OLD_CHARACTER_SET_CLIENT=@@CHARACTER_SET_CLIENT */;
/*!40101 SET @OLD_CHARACTER_SET_RESULTS=@@CHARACTER_SET_RESULTS */;
/*!40101 SET @OLD_COLLATION_CONNECTION=@@COLLATION_CONNECTION */;
/*!40101 SET NAMES utf8 */;

--
-- Database: `matrimony`
--

-- --------------------------------------------------------

--
-- Table structure for table `admin`
--

CREATE TABLE IF NOT EXISTS `admin` (
  `LoginID` varchar(250) NOT NULL DEFAULT '',
  `Password` varchar(250) DEFAULT NULL,
  `AdminEmail` text,
  `AdminEmailPassword` text,
  PRIMARY KEY (`LoginID`)
) ENGINE=MyISAM DEFAULT CHARSET=latin1;

--
-- Dumping data for table `admin`
--


-- --------------------------------------------------------

--
-- Table structure for table `cities`
--

CREATE TABLE IF NOT EXISTS `cities` (
  `CityID` bigint(20) NOT NULL AUTO_INCREMENT,
  `CountryID` bigint(20) NOT NULL DEFAULT '0',
  `City` varchar(250) DEFAULT NULL,
  PRIMARY KEY (`CityID`)
) ENGINE=MyISAM  DEFAULT CHARSET=latin1 AUTO_INCREMENT=706 ;

--
-- Dumping data for table `cities`
--

INSERT INTO `cities` (`CityID`, `CountryID`, `City`) VALUES
(1, 1, 'Agra'),
(2, 1, 'Ahmedabad'),
(3, 1, 'Allahabad'),
(4, 1, 'B.R Hills'),
(5, 1, 'Bangalore'),
(6, 1, 'Baroda'),
(7, 1, 'Bhopal'),
(8, 1, 'Bhubaneswar'),
(9, 1, 'Bodhgaya'),
(10, 1, 'Calicut'),
(11, 1, 'Chennai'),
(12, 1, 'Chotanagpur'),
(13, 1, 'Coimbatore'),
(14, 1, 'Dispur'),
(15, 1, 'Ernakulam'),
(16, 1, 'Gandhi Nagar'),
(17, 1, 'Gwalior'),
(18, 1, 'Hyderabad'),
(19, 1, 'Imphal'),
(20, 1, 'Indore'),
(21, 1, 'Itanagar'),
(22, 1, 'Jaipur'),
(23, 1, 'Jhansi'),
(24, 1, 'Kanpur'),
(25, 1, 'Kanya Kumari'),
(26, 1, 'Karur'),
(27, 1, 'Kochi'),
(28, 1, 'Kolkata'),
(29, 1, 'Lucknow'),
(30, 1, 'Ludhiana'),
(31, 1, 'Mandi'),
(32, 1, 'Mangalore'),
(33, 1, 'Meerut'),
(34, 1, 'Mumbai'),
(35, 1, 'Mysore'),
(36, 1, 'Nagpur'),
(37, 1, 'Nashik'),
(38, 1, 'New Delhi'),
(39, 1, 'Panaji'),
(40, 1, 'Patna'),
(41, 1, 'Pune'),
(42, 1, 'Ranchi'),
(43, 1, 'Shillong'),
(44, 1, 'Shimla'),
(45, 1, 'Srinagar'),
(46, 1, 'Thane'),
(47, 1, 'Thiruvananthapuram'),
(48, 1, 'Tiruchirapalli'),
(49, 1, 'Udaipur'),
(50, 1, 'Vidisha'),
(51, 1, 'Vishakapatnam'),
(52, 2, 'Akron'),
(53, 2, 'Albuquerque'),
(54, 2, 'Anaheim'),
(55, 2, 'Anchorage'),
(56, 2, 'Arlington'),
(57, 2, 'Arlington'),
(58, 2, 'Atlanta'),
(59, 2, 'Augusta-Richmond'),
(60, 2, 'Aurora'),
(61, 2, 'Austin'),
(62, 2, 'Bakersfield'),
(63, 2, 'Baltimore'),
(64, 2, 'Baton Rouge'),
(65, 2, 'Birmingham'),
(66, 2, 'Boise'),
(67, 2, 'Boston'),
(68, 2, 'Buffalo'),
(69, 2, 'Charlotte'),
(70, 2, 'Chesapeake'),
(71, 2, 'Chicago'),
(72, 2, 'Cincinnati'),
(73, 2, 'Cleveland'),
(74, 2, 'Colorado Springs'),
(75, 2, 'Columbus'),
(76, 2, 'Corpus Christi'),
(77, 2, 'Dallas'),
(78, 2, 'Denver'),
(79, 2, 'Des Moines'),
(80, 2, 'Detroit'),
(81, 2, 'Durham'),
(82, 2, 'El Paso'),
(83, 2, 'Fort Wayne'),
(84, 2, 'Fort Worth'),
(85, 2, 'Fremont'),
(86, 2, 'Fresno'),
(87, 2, 'Garland'),
(88, 2, 'Glendale'),
(89, 2, 'Glendale'),
(90, 2, 'Grand Rapids'),
(91, 2, 'Greensboro'),
(92, 2, 'Hialeah'),
(93, 2, 'Honolulu'),
(94, 2, 'Houston'),
(95, 2, 'Huntington Beach'),
(96, 2, 'Indianapolis'),
(97, 2, 'Irving'),
(98, 2, 'Jersey City'),
(99, 2, 'Kansas City'),
(100, 2, 'Las Vegas'),
(101, 2, 'Lexington-Fayette'),
(102, 2, 'Lincoln'),
(103, 2, 'Long Beach'),
(104, 2, 'Los Angeles'),
(105, 2, 'Louisville'),
(106, 2, 'Lubbock'),
(107, 2, 'Madison'),
(108, 2, 'Mesa'),
(109, 2, 'Milwaukee'),
(110, 2, 'Minneapolis'),
(111, 2, 'Mobile'),
(112, 2, 'Modesto'),
(113, 2, 'Montgomery'),
(114, 2, 'New Orleans'),
(115, 2, 'New York'),
(116, 2, 'Newark'),
(117, 2, 'Norfolk'),
(118, 2, 'Oakland'),
(119, 2, 'Oklahoma City'),
(120, 2, 'Omaha'),
(121, 2, 'Other cities in USA'),
(122, 2, 'Philadelphia'),
(123, 2, 'Phoenix'),
(124, 2, 'Pittsburgh'),
(125, 2, 'Plano'),
(126, 2, 'Portland'),
(127, 2, 'Raleigh'),
(128, 2, 'Richmond)'),
(129, 2, 'Riverside'),
(130, 2, 'Rochester'),
(131, 2, 'Sacramento'),
(132, 2, 'San Antonio'),
(133, 2, 'San Diego'),
(134, 2, 'San Francisco'),
(135, 2, 'San Jose'),
(136, 2, 'Santa Ana)'),
(137, 2, 'Scottsdale'),
(138, 2, 'Seattle'),
(139, 2, 'Shreveport'),
(140, 2, 'Spokane'),
(141, 2, 'St.Louis'),
(142, 2, 'St.Paul'),
(143, 2, 'Stockton'),
(144, 2, 'Tacoma'),
(145, 2, 'Toledo'),
(146, 2, 'Tucson'),
(147, 2, 'Tulsa'),
(148, 2, 'Virginia Beach'),
(149, 2, 'Washington'),
(150, 2, 'Wichita'),
(151, 2, 'Winston-Salem'),
(152, 2, 'Yonkers'),
(153, 3, 'Birmingham'),
(154, 3, 'Bristol'),
(155, 3, 'Glasgow'),
(156, 3, 'Leeds'),
(157, 3, 'Liverpool'),
(158, 3, 'London'),
(159, 3, 'Manchester'),
(160, 3, 'Newcastle'),
(161, 3, 'Nottingham'),
(162, 3, 'Sheffield'),
(163, 4, 'Calgary'),
(164, 4, 'Edmonton'),
(165, 4, 'Hamilton'),
(166, 4, 'Kitchener'),
(167, 4, 'London'),
(168, 4, 'Montréal'),
(169, 4, 'Ottawa'),
(170, 4, 'Québec'),
(171, 4, 'St.Catharines'),
(172, 4, 'Toronto'),
(173, 4, 'Vancouver'),
(174, 4, 'Victoria'),
(175, 4, 'Winnipeg'),
(176, 5, 'Adelaide'),
(177, 5, 'Brisbane'),
(178, 5, 'Canberra'),
(179, 5, 'Geelong'),
(180, 5, 'Gold Coast'),
(181, 5, 'Gosford'),
(182, 5, 'Hobart'),
(183, 5, 'Melbourne'),
(184, 5, 'Newcastle'),
(185, 5, 'Perth'),
(186, 5, 'Sunshine Coast'),
(187, 5, 'Sydney'),
(188, 5, 'Townsville'),
(189, 5, 'Wollongong'),
(190, 6, 'Amsterdam'),
(191, 6, 'Athinai (Athens)'),
(192, 6, 'Barcelona'),
(193, 6, 'Barnaul'),
(194, 6, 'Beograd (Belgrade)'),
(195, 6, 'Berlin'),
(196, 6, 'Bremen'),
(197, 6, 'Bucuresti (Bucharest)'),
(198, 6, 'Budapest'),
(199, 6, 'Chelyabinsk'),
(200, 6, 'Dnepropetrovsk'),
(201, 6, 'Donetsk'),
(202, 6, 'Dortmund'),
(203, 6, 'Duisburg'),
(204, 6, 'Düsseldorf'),
(205, 6, 'Ekaterinoburg'),
(206, 6, 'Essen'),
(207, 6, 'Frankfurt'),
(208, 6, 'Genova'),
(209, 6, 'Hamburg'),
(210, 6, 'Hannover'),
(211, 6, 'Helsinki'),
(212, 6, 'Irkutsk'),
(213, 6, 'Izhevsk'),
(214, 6, 'Kazan'),
(215, 6, 'Kemerovo'),
(216, 6, 'Khabarovsk'),
(217, 6, 'Kharkov'),
(218, 6, 'Kiev'),
(219, 6, 'Kishinev'),
(220, 6, 'Kobenhavn (Copenhagen)'),
(221, 6, 'Köln (Cologne)'),
(222, 6, 'Kraków'),
(223, 6, 'Krasnodar'),
(224, 6, 'Krasnoyarsk'),
(225, 6, 'Kryvy Rig'),
(226, 6, 'Lipetsk'),
(227, 6, 'Lisboa (Lisbon)'),
(228, 6, 'Lódz'),
(229, 6, 'Lvov'),
(230, 6, 'Madrid'),
(231, 6, 'Málaga'),
(232, 6, 'Marseille'),
(233, 6, 'Milano (Milan)'),
(234, 6, 'Minsk'),
(235, 6, 'Moskva (Moscow)'),
(236, 6, 'München (Munich)'),
(237, 6, 'Mykolaiv'),
(238, 6, 'Naberezhnye Tchelny'),
(239, 6, 'Napoli (Naples)'),
(240, 6, 'Nizhny Novgorod'),
(241, 6, 'Novokuznetsk'),
(242, 6, 'Novosibirsk'),
(243, 6, 'Odessa'),
(244, 6, 'Omsk'),
(245, 6, 'Orenburg'),
(246, 6, 'Oslo'),
(247, 6, 'Palermo'),
(248, 6, 'Paris'),
(249, 6, 'Penza'),
(250, 6, 'Perm'),
(251, 6, 'Poznan'),
(252, 6, 'Praha (Prague)'),
(253, 6, 'Riga'),
(254, 6, 'Roma'),
(255, 6, 'Rostov-na-Donu'),
(256, 6, 'Rotterdam'),
(257, 6, 'Ryazan'),
(258, 6, 'Salonika'),
(259, 6, 'Samara'),
(260, 6, 'Sarajevo'),
(261, 6, 'Saratov'),
(262, 6, 'Sevilla'),
(263, 6, 'Sofia'),
(264, 6, 'St Petersburg'),
(265, 6, 'Stockholm'),
(266, 6, 'Stuttgart'),
(267, 6, 'Tolyatti'),
(268, 6, 'Torino (Turin)'),
(269, 6, 'Tula'),
(270, 6, 'Tyumen'),
(271, 6, 'Ufa'),
(272, 6, 'Ulyanovsk'),
(273, 6, 'Valencia'),
(274, 6, 'VILNIUS'),
(275, 6, 'Vladivostok'),
(276, 6, 'Volgograd'),
(277, 6, 'Voronezh'),
(278, 6, 'Warszawa (Warsaw)'),
(279, 6, 'Wien (Vienna)'),
(280, 6, 'Wroclaw (Breslau)'),
(281, 6, 'Yaroslave'),
(282, 6, 'Zagreb'),
(283, 6, 'Zaporozhye'),
(284, 6, 'Zaragoza'),
(285, 7, 'Aden'),
(286, 7, 'Agra'),
(287, 7, 'Ahmadãbãd'),
(288, 7, 'Almaty'),
(289, 7, 'Ambon'),
(290, 7, 'Anadyr'),
(291, 7, 'Ankara'),
(292, 7, 'Anshan'),
(293, 7, 'Aqtau'),
(294, 7, 'Aqtobe'),
(295, 7, 'Ashgabat'),
(296, 7, 'Astana'),
(297, 7, 'Baku'),
(298, 7, 'Balikpapan'),
(299, 7, 'Bandar Seri Begawan'),
(300, 7, 'Bandung'),
(301, 7, 'Bangalore'),
(302, 7, 'Bangkok'),
(303, 7, 'Banjarmasin'),
(304, 7, 'Baotou'),
(305, 7, 'Barisal'),
(306, 7, 'Basra'),
(307, 7, 'Beijing'),
(308, 7, 'Bethlehem'),
(309, 7, 'Bhopal'),
(310, 7, 'Bhubaneshwar'),
(311, 7, 'Bishkek'),
(312, 7, 'Bogor'),
(313, 7, 'Canton'),
(314, 7, 'Cebu City'),
(315, 7, 'Changchun'),
(316, 7, 'Changsha'),
(317, 7, 'Chelyabinsk'),
(318, 7, 'Chengdu'),
(319, 7, 'Chennai'),
(320, 7, 'Chittagong'),
(321, 7, 'Choibalsan'),
(322, 7, 'Chongqing'),
(323, 7, 'Cirebon'),
(324, 7, 'Colombo'),
(325, 7, 'Comilla'),
(326, 7, 'Delhi'),
(327, 7, 'Denpasar'),
(328, 7, 'Dhaka'),
(329, 7, 'Dili'),
(330, 7, 'Doha'),
(331, 7, 'Dushanbe'),
(332, 7, 'Endeh'),
(333, 7, 'Esfahãn'),
(334, 7, 'Faisalabad'),
(335, 7, 'Foochow'),
(336, 7, 'Fukuoka'),
(337, 7, 'Fushun'),
(338, 7, 'George Town'),
(339, 7, 'Guiyang'),
(340, 7, 'Hangzhou'),
(341, 7, 'Hanoi'),
(342, 7, 'Harbin'),
(343, 7, 'Hilla'),
(344, 7, 'Hiroshima'),
(345, 7, 'Ho Chi Minh'),
(346, 7, 'Hong Kong'),
(347, 7, 'Hovd'),
(348, 7, 'Hyderãbãd'),
(349, 7, 'Incheon'),
(350, 7, 'Indore'),
(351, 7, 'Irbil'),
(352, 7, 'Islamabad'),
(353, 7, 'Jaipur'),
(354, 7, 'Jakarta'),
(355, 7, 'Jambi'),
(356, 7, 'Jayapura'),
(357, 7, 'Jeddah'),
(358, 7, 'Jessore'),
(359, 7, 'Jilin'),
(360, 7, 'Jinan'),
(361, 7, 'Jinzhou'),
(362, 7, 'Kabul'),
(363, 7, 'Kamchatka'),
(364, 7, 'Kãnpur'),
(365, 7, 'Kaohsiung'),
(366, 7, 'Karachi'),
(367, 7, 'Karbala'),
(368, 7, 'Kathmandu'),
(369, 7, 'Kawasaki'),
(370, 7, 'Kediri'),
(371, 7, 'Khon Kaen'),
(372, 7, 'Khulna'),
(373, 7, 'Kirkuk'),
(374, 7, 'Kitakyushu'),
(375, 7, 'Kobe'),
(376, 7, 'Kolkata'),
(377, 7, 'Kowloon'),
(378, 7, 'Krasnoyarsk'),
(379, 7, 'Kuala Lumpur'),
(380, 7, 'Kudus'),
(381, 7, 'Kunming'),
(382, 7, 'Kupang'),
(383, 7, 'Kyoto'),
(384, 7, 'Lahore'),
(385, 7, 'Lanchow'),
(386, 7, 'Lhasa'),
(387, 7, 'Lucknow'),
(388, 7, 'Lüda'),
(389, 7, 'Ludhiana'),
(390, 7, 'Luoyang'),
(391, 7, 'Macau'),
(392, 7, 'Madiun'),
(393, 7, 'Madurai'),
(394, 7, 'Makassar'),
(395, 7, 'Makkah'),
(396, 7, 'Malang'),
(397, 7, 'Manado'),
(398, 7, 'Manama'),
(399, 7, 'Manila'),
(400, 7, 'Mashhad'),
(401, 7, 'Mataram'),
(402, 7, 'Medan'),
(403, 7, 'Mosul'),
(404, 7, 'Mumbai'),
(405, 7, 'Muscat'),
(406, 7, 'Mymensingh'),
(407, 7, 'Nagoya'),
(408, 7, 'Nãgpur'),
(409, 7, 'Naha'),
(410, 7, 'Najaf'),
(411, 7, 'Nanchang'),
(412, 7, 'Nasiriya'),
(413, 7, 'New Delhi'),
(414, 7, 'Nicosia'),
(415, 7, 'Novosibirsk'),
(416, 7, 'Okayama'),
(417, 7, 'Omsk'),
(418, 7, 'Osaka'),
(419, 7, 'Pabna'),
(420, 7, 'Padang'),
(421, 7, 'Palembang'),
(422, 7, 'Patna'),
(423, 7, 'Pattaya'),
(424, 7, 'Pekalongan'),
(425, 7, 'Pekanbaru'),
(426, 7, 'Pematangsiantar'),
(427, 7, 'Perm'),
(428, 7, 'Peshawar'),
(429, 7, 'Phnom Penh'),
(430, 7, 'Phuket'),
(431, 7, 'Port Blair'),
(432, 7, 'Port-aux-Francais'),
(433, 7, 'Pune'),
(434, 7, 'Pusan'),
(435, 7, 'Pyongyang'),
(436, 7, 'Qiqihar'),
(437, 7, 'Raba'),
(438, 7, 'Saidpur'),
(439, 7, 'Samarinda'),
(440, 7, 'Sana'),
(441, 7, 'Sapporo'),
(442, 7, 'Semarang'),
(443, 7, 'Sendai'),
(444, 7, 'Seoul'),
(445, 7, 'Seremban'),
(446, 7, 'Shanghai'),
(447, 7, 'Shenzhen'),
(448, 7, 'Shijiazhuang'),
(449, 7, 'Shillong'),
(450, 7, 'Sialkot'),
(451, 7, 'Sian'),
(452, 7, 'Singapore'),
(453, 7, 'Singaraja'),
(454, 7, 'Sulaimaniya'),
(455, 7, 'Surabaya'),
(456, 7, 'Surakarta'),
(457, 7, 'Surat'),
(458, 7, 'Sylhet'),
(459, 7, 'Tabriz'),
(460, 7, 'Taegu'),
(461, 7, 'Taichung'),
(462, 7, 'Taipei'),
(463, 7, 'Taiyuan'),
(464, 7, 'Tangshan'),
(465, 7, 'Tanjungkarang'),
(466, 7, 'Tashkent'),
(467, 7, 'Tasikmalaya'),
(468, 7, 'Tbilisi'),
(469, 7, 'Tegal'),
(470, 7, 'Ternate'),
(471, 7, 'The Settlement'),
(472, 7, 'Thimphu'),
(473, 7, 'Tianjin'),
(474, 7, 'Tokyo'),
(475, 7, 'Tsingtao'),
(476, 7, 'Ufa'),
(477, 7, 'Ulaanbaatar'),
(478, 7, 'Urümqi'),
(479, 7, 'Vadodara'),
(480, 7, 'Varanasi'),
(481, 7, 'Vientiane'),
(482, 7, 'Vishakhapatnam'),
(483, 7, 'Vladivostok'),
(484, 7, 'Wuhan'),
(485, 7, 'Yangon'),
(486, 7, 'Yekaterinburg'),
(487, 7, 'Yerevan'),
(488, 7, 'Yogyakarta'),
(489, 7, 'Yokohama'),
(490, 7, 'Yuzhno-Sakhalinsk'),
(491, 7, 'Zhengzhou'),
(492, 7, 'Zibo'),
(493, 8, 'Abu Dhabi'),
(494, 8, 'Aleppo'),
(495, 8, 'Amman'),
(496, 8, 'Baghdad'),
(497, 8, 'Beirut'),
(498, 8, 'Cairo'),
(499, 8, 'Dahab'),
(500, 8, 'Damascus'),
(501, 8, 'Dhahran'),
(502, 8, 'Dubai'),
(503, 8, 'Gaza'),
(504, 8, 'Haifa'),
(505, 8, 'Istanbul'),
(506, 8, 'Jerusalem'),
(507, 8, 'Kuwait'),
(508, 8, 'Mecca'),
(509, 8, 'Nukus'),
(510, 8, 'Riyadh'),
(511, 8, 'Tehran'),
(512, 8, 'Tel Aviv'),
(513, 9, 'Abidjan'),
(514, 9, 'Abuja'),
(515, 9, 'Accra'),
(516, 9, 'Addis Ababa'),
(517, 9, 'Al Jizah'),
(518, 9, 'Alexandria'),
(519, 9, 'Algiers'),
(520, 9, 'Antananarivo'),
(521, 9, 'Asmara'),
(522, 9, 'Bamako'),
(523, 9, 'Bangui'),
(524, 9, 'Banjul'),
(525, 9, 'Bissau'),
(526, 9, 'Brazzaville'),
(527, 9, 'Bujumbura'),
(528, 9, 'Cairo'),
(529, 9, 'Cape Town'),
(530, 9, 'Casablanca'),
(531, 9, 'Conakry'),
(532, 9, 'Dakar'),
(533, 9, 'Dar es Salaam'),
(534, 9, 'Djibouti'),
(535, 9, 'Dodoma'),
(536, 9, 'El Aaiún'),
(537, 9, 'Freetown'),
(538, 9, 'Gaborone'),
(539, 9, 'Harare'),
(540, 9, 'Jamestown'),
(541, 9, 'Johannesburg'),
(542, 9, 'Kampala'),
(543, 9, 'Kano Nigeria'),
(544, 9, 'Khartoum'),
(545, 9, 'Kigali'),
(546, 9, 'Kinshasa'),
(547, 9, 'Lagos'),
(548, 9, 'Libreville'),
(549, 9, 'Lilongwe'),
(550, 9, 'Lome'),
(551, 9, 'Luanda'),
(552, 9, 'Lubumbashi'),
(553, 9, 'Lusaka'),
(554, 9, 'Malabo'),
(555, 9, 'Mamoutzou'),
(556, 9, 'Maputo'),
(557, 9, 'Maseru'),
(558, 9, 'Mbabane'),
(559, 9, 'Mogadishu'),
(560, 9, 'Monrovia'),
(561, 9, 'Moroni'),
(562, 9, 'Nairobi'),
(563, 9, 'Ndjamena'),
(564, 9, 'Niamey'),
(565, 9, 'Nouakchott'),
(566, 9, 'Ouagadougou'),
(567, 9, 'Port Louis'),
(568, 9, 'Porto Novo'),
(569, 9, 'Praia'),
(570, 9, 'Pretoria'),
(571, 9, 'Rabat'),
(572, 9, 'Saint-Denis'),
(573, 9, 'São Tomé'),
(574, 9, 'Tanger'),
(575, 9, 'Tripoli'),
(576, 9, 'Tunis'),
(577, 9, 'Victoria'),
(578, 9, 'Windhoek'),
(579, 9, 'Yamoussoukro'),
(580, 9, 'Yaoundé'),
(581, 10, 'Abaco'),
(582, 10, 'Antigua'),
(583, 10, 'Aruba'),
(584, 10, 'Barbados'),
(585, 10, 'Bermuda'),
(586, 10, 'Bridgetown'),
(587, 10, 'Fort de France'),
(588, 10, 'Freeport'),
(589, 10, 'George Town'),
(590, 10, 'Grenada'),
(591, 10, 'Hamilton'),
(592, 10, 'Havana'),
(593, 10, 'Kingston'),
(594, 10, 'Montego Bay'),
(595, 10, 'Nassau'),
(596, 10, 'Nassau'),
(597, 10, 'Negril'),
(598, 10, 'Ocho Rios'),
(599, 10, 'Paradise Island'),
(600, 10, 'Pointe Pitre'),
(601, 10, 'Ponce'),
(602, 10, 'Port of Spain'),
(603, 10, 'Port-au-Prince'),
(604, 10, 'San Juan'),
(605, 10, 'Santo Domingo'),
(606, 10, 'St.Croix'),
(607, 10, 'St.George'),
(608, 10, 'St.Kitts'),
(609, 10, 'St.Lucia'),
(610, 10, 'St.Thomas'),
(611, 10, 'Tortola'),
(612, 10, 'Trinidad and Tobago'),
(613, 10, 'Varadero'),
(614, 11, 'Adamstown'),
(615, 11, 'Alofi'),
(616, 11, 'Apia'),
(617, 11, 'Auckland'),
(618, 11, 'Chatham Island'),
(619, 11, 'Christchurch'),
(620, 11, 'Funafuti'),
(621, 11, 'Gambier Islands'),
(622, 11, 'Honiara'),
(623, 11, 'Kingston (Au)'),
(624, 11, 'Kiritimati'),
(625, 11, 'Kolonia'),
(626, 11, 'Koror'),
(627, 11, 'Lord Howe Island'),
(628, 11, 'Majuro'),
(629, 11, 'Makwa'),
(630, 11, 'Mata-Utu'),
(631, 11, 'Noumea'),
(632, 11, 'Nukualofa'),
(633, 11, 'Pago Pago'),
(634, 11, 'Palikir'),
(635, 11, 'Papeete'),
(636, 11, 'Port Moresby'),
(637, 11, 'Port Vila'),
(638, 11, 'Rarotonga'),
(639, 11, 'Rawaki'),
(640, 11, 'Suva'),
(641, 11, 'Taiohae'),
(642, 11, 'Tarawa'),
(643, 11, 'Wellington'),
(644, 12, 'Arequipa'),
(645, 12, 'Asuncion'),
(646, 12, 'Barquisimeto'),
(647, 12, 'Barranquilla'),
(648, 12, 'Belém'),
(649, 12, 'Belo Horizonte'),
(650, 12, 'Boa Vista'),
(651, 12, 'Bogota'),
(652, 12, 'Brasilia'),
(653, 12, 'Bucaramanga'),
(654, 12, 'Buenos Aires'),
(655, 12, 'Cali'),
(656, 12, 'Campinas'),
(657, 12, 'Caracas'),
(658, 12, 'Cartagena'),
(659, 12, 'Cayenne'),
(660, 12, 'Córdoba'),
(661, 12, 'Cúcuta'),
(662, 12, 'Curitiba'),
(663, 12, 'Easter Island'),
(664, 12, 'Fernando de Noronha'),
(665, 12, 'Fortaleza'),
(666, 12, 'Galapagos Islands'),
(667, 12, 'Georgetown'),
(668, 12, 'Goiânia'),
(669, 12, 'Guayaquil'),
(670, 12, 'La Paz'),
(671, 12, 'La Plata'),
(672, 12, 'Lima'),
(673, 12, 'Maceió'),
(674, 12, 'Manaus'),
(675, 12, 'Manizales'),
(676, 12, 'Mar del Plata'),
(677, 12, 'Maracaibo'),
(678, 12, 'Maracay'),
(679, 12, 'Medellin'),
(680, 12, 'Mendoza'),
(681, 12, 'Montevideo'),
(682, 12, 'Natal'),
(683, 12, 'Niterói'),
(684, 12, 'Oranjestad'),
(685, 12, 'Paramaribo'),
(686, 12, 'Port of Spain'),
(687, 12, 'Porto Alegre'),
(688, 12, 'Pôrto Velho'),
(689, 12, 'Quito'),
(690, 12, 'Recife'),
(691, 12, 'Rio Branco'),
(692, 12, 'Rio de Janeiro'),
(693, 12, 'Rosario'),
(694, 12, 'Salta'),
(695, 12, 'Salvador'),
(696, 12, 'Santa Cruz'),
(697, 12, 'Santa Fe'),
(698, 12, 'Santiago'),
(699, 12, 'Santos'),
(700, 12, 'Sao Paulo'),
(701, 12, 'Stanley'),
(702, 12, 'Tucumán'),
(703, 12, 'Valencia'),
(704, 12, 'Valparaíso'),
(705, 12, 'Vitória');

-- --------------------------------------------------------

--
-- Table structure for table `contact_info`
--

CREATE TABLE IF NOT EXISTS `contact_info` (
  `id` int(10) unsigned NOT NULL AUTO_INCREMENT,
  `UserID` int(10) unsigned NOT NULL DEFAULT '0',
  `MobilePrivacy` tinyint(3) unsigned NOT NULL DEFAULT '0',
  `Mobile` varchar(15) NOT NULL DEFAULT '',
  `Landline` varchar(15) NOT NULL DEFAULT '',
  `SuitableTimeToCall` varchar(15) NOT NULL DEFAULT '',
  `hide` tinyint(3) unsigned NOT NULL DEFAULT '0',
  PRIMARY KEY (`id`)
) ENGINE=InnoDB DEFAULT CHARSET=latin1 AUTO_INCREMENT=1 ;

--
-- Dumping data for table `contact_info`
--


-- --------------------------------------------------------

--
-- Table structure for table `countries`
--

CREATE TABLE IF NOT EXISTS `countries` (
  `CountryID` bigint(20) NOT NULL AUTO_INCREMENT,
  `Country` varchar(250) DEFAULT NULL,
  PRIMARY KEY (`CountryID`)
) ENGINE=MyISAM  DEFAULT CHARSET=latin1 AUTO_INCREMENT=13 ;

--
-- Dumping data for table `countries`
--

INSERT INTO `countries` (`CountryID`, `Country`) VALUES
(1, 'India'),
(2, 'USA'),
(3, 'UK'),
(4, 'Canada'),
(5, 'Australia'),
(6, 'Europe'),
(7, 'Asia'),
(8, 'Middle East'),
(9, 'Africa'),
(10, 'Caribbean'),
(11, 'Oceania'),
(12, 'South America');

-- --------------------------------------------------------

--
-- Table structure for table `districts`
--

CREATE TABLE IF NOT EXISTS `districts` (
  `DistrictID` bigint(20) NOT NULL AUTO_INCREMENT,
  `StateID` bigint(20) NOT NULL DEFAULT '0',
  `CountryID` bigint(20) NOT NULL DEFAULT '0',
  `District` varchar(250) DEFAULT NULL,
  PRIMARY KEY (`DistrictID`)
) ENGINE=MyISAM  DEFAULT CHARSET=latin1 AUTO_INCREMENT=594 ;

--
-- Dumping data for table `districts`
--

INSERT INTO `districts` (`DistrictID`, `StateID`, `CountryID`, `District`) VALUES
(1, 1, 0, ''),
(2, 1, 0, ''),
(3, 2, 0, ''),
(4, 2, 0, ''),
(5, 2, 0, ''),
(6, 2, 0, ''),
(7, 2, 0, ''),
(8, 2, 0, ''),
(9, 2, 0, ''),
(10, 2, 0, ''),
(11, 2, 0, ''),
(12, 2, 0, ''),
(13, 2, 0, ''),
(14, 2, 0, ''),
(15, 2, 0, ''),
(16, 2, 0, ''),
(17, 2, 0, ''),
(18, 2, 0, ''),
(19, 2, 0, ''),
(20, 2, 0, ''),
(21, 2, 0, ''),
(22, 2, 0, ''),
(23, 2, 0, ''),
(24, 2, 0, ''),
(25, 2, 0, ''),
(26, 3, 0, ''),
(27, 3, 0, ''),
(28, 3, 0, ''),
(29, 3, 0, ''),
(30, 3, 0, ''),
(31, 3, 0, ''),
(32, 3, 0, ''),
(33, 3, 0, ''),
(34, 3, 0, ''),
(35, 3, 0, ''),
(36, 3, 0, ''),
(37, 3, 0, ''),
(38, 3, 0, ''),
(39, 3, 0, ''),
(40, 3, 0, ''),
(41, 3, 0, ''),
(42, 4, 0, ''),
(43, 4, 0, ''),
(44, 4, 0, ''),
(45, 4, 0, ''),
(46, 4, 0, ''),
(47, 4, 0, ''),
(48, 4, 0, ''),
(49, 4, 0, ''),
(50, 4, 0, ''),
(51, 4, 0, ''),
(52, 4, 0, ''),
(53, 4, 0, ''),
(54, 4, 0, ''),
(55, 4, 0, ''),
(56, 4, 0, ''),
(57, 4, 0, ''),
(58, 4, 0, ''),
(59, 4, 0, ''),
(60, 4, 0, ''),
(61, 4, 0, ''),
(62, 4, 0, ''),
(63, 4, 0, ''),
(64, 4, 0, ''),
(65, 5, 0, ''),
(66, 5, 0, ''),
(67, 5, 0, ''),
(68, 5, 0, ''),
(69, 5, 0, ''),
(70, 5, 0, ''),
(71, 5, 0, ''),
(72, 5, 0, ''),
(73, 5, 0, ''),
(74, 5, 0, ''),
(75, 5, 0, ''),
(76, 5, 0, ''),
(77, 5, 0, ''),
(78, 5, 0, ''),
(79, 5, 0, ''),
(80, 5, 0, ''),
(81, 5, 0, ''),
(82, 5, 0, ''),
(83, 5, 0, ''),
(84, 5, 0, ''),
(85, 5, 0, ''),
(86, 5, 0, ''),
(87, 5, 0, ''),
(88, 5, 0, ''),
(89, 5, 0, ''),
(90, 5, 0, ''),
(91, 5, 0, ''),
(92, 5, 0, ''),
(93, 5, 0, ''),
(94, 5, 0, ''),
(95, 5, 0, ''),
(96, 5, 0, ''),
(97, 5, 0, ''),
(98, 5, 0, ''),
(99, 5, 0, ''),
(100, 5, 0, ''),
(101, 5, 0, ''),
(102, 6, 0, ''),
(103, 7, 0, ''),
(104, 7, 0, ''),
(105, 7, 0, ''),
(106, 7, 0, ''),
(107, 7, 0, ''),
(108, 7, 0, ''),
(109, 7, 0, ''),
(110, 7, 0, ''),
(111, 7, 0, ''),
(112, 7, 0, ''),
(113, 7, 0, ''),
(114, 7, 0, ''),
(115, 7, 0, ''),
(116, 7, 0, ''),
(117, 7, 0, ''),
(118, 7, 0, ''),
(119, 8, 0, ''),
(120, 8, 0, ''),
(121, 9, 0, ''),
(122, 9, 0, ''),
(123, 10, 0, ''),
(124, 10, 0, ''),
(125, 10, 0, ''),
(126, 10, 0, ''),
(127, 10, 0, ''),
(128, 10, 0, ''),
(129, 10, 0, ''),
(130, 10, 0, ''),
(131, 10, 0, ''),
(132, 11, 0, ''),
(133, 11, 0, ''),
(134, 12, 0, ''),
(135, 12, 0, ''),
(136, 12, 0, ''),
(137, 12, 0, ''),
(138, 12, 0, ''),
(139, 12, 0, ''),
(140, 12, 0, ''),
(141, 12, 0, ''),
(142, 12, 0, ''),
(143, 12, 0, ''),
(144, 12, 0, ''),
(145, 12, 0, ''),
(146, 12, 0, ''),
(147, 12, 0, ''),
(148, 12, 0, ''),
(149, 12, 0, ''),
(150, 12, 0, ''),
(151, 12, 0, ''),
(152, 12, 0, ''),
(153, 12, 0, ''),
(154, 12, 0, ''),
(155, 12, 0, ''),
(156, 12, 0, ''),
(157, 12, 0, ''),
(158, 12, 0, ''),
(159, 13, 0, ''),
(160, 13, 0, ''),
(161, 13, 0, ''),
(162, 13, 0, ''),
(163, 13, 0, ''),
(164, 13, 0, ''),
(165, 13, 0, ''),
(166, 13, 0, ''),
(167, 13, 0, ''),
(168, 13, 0, ''),
(169, 13, 0, ''),
(170, 13, 0, ''),
(171, 13, 0, ''),
(172, 13, 0, ''),
(173, 13, 0, ''),
(174, 13, 0, ''),
(175, 13, 0, ''),
(176, 13, 0, ''),
(177, 13, 0, ''),
(178, 13, 0, ''),
(179, 14, 0, ''),
(180, 14, 0, ''),
(181, 14, 0, ''),
(182, 14, 0, ''),
(183, 14, 0, ''),
(184, 14, 0, ''),
(185, 14, 0, ''),
(186, 14, 0, ''),
(187, 14, 0, ''),
(188, 14, 0, ''),
(189, 14, 0, ''),
(190, 14, 0, ''),
(191, 15, 0, ''),
(192, 15, 0, ''),
(193, 15, 0, ''),
(194, 15, 0, ''),
(195, 15, 0, ''),
(196, 15, 0, ''),
(197, 15, 0, ''),
(198, 15, 0, ''),
(199, 15, 0, ''),
(200, 15, 0, ''),
(201, 15, 0, ''),
(202, 15, 0, ''),
(203, 15, 0, ''),
(204, 15, 0, ''),
(205, 16, 0, ''),
(206, 16, 0, ''),
(207, 16, 0, ''),
(208, 16, 0, ''),
(209, 16, 0, ''),
(210, 16, 0, ''),
(211, 16, 0, ''),
(212, 16, 0, ''),
(213, 16, 0, ''),
(214, 16, 0, ''),
(215, 16, 0, ''),
(216, 16, 0, ''),
(217, 16, 0, ''),
(218, 16, 0, ''),
(219, 16, 0, ''),
(220, 16, 0, ''),
(221, 16, 0, ''),
(222, 16, 0, ''),
(223, 16, 0, ''),
(224, 16, 0, ''),
(225, 16, 0, ''),
(226, 16, 0, ''),
(227, 17, 0, ''),
(228, 17, 0, ''),
(229, 17, 0, ''),
(230, 17, 0, ''),
(231, 17, 0, ''),
(232, 17, 0, ''),
(233, 17, 0, ''),
(234, 17, 0, ''),
(235, 17, 0, ''),
(236, 17, 0, ''),
(237, 17, 0, ''),
(238, 17, 0, ''),
(239, 17, 0, ''),
(240, 17, 0, ''),
(241, 17, 0, ''),
(242, 17, 0, ''),
(243, 17, 0, ''),
(244, 17, 0, ''),
(245, 17, 0, ''),
(246, 17, 0, ''),
(247, 17, 0, ''),
(248, 17, 0, ''),
(249, 17, 0, ''),
(250, 17, 0, ''),
(251, 17, 0, ''),
(252, 17, 0, ''),
(253, 17, 0, ''),
(254, 18, 0, ''),
(255, 18, 0, ''),
(256, 18, 0, ''),
(257, 18, 0, ''),
(258, 18, 0, ''),
(259, 18, 0, ''),
(260, 18, 0, ''),
(261, 18, 0, ''),
(262, 18, 0, ''),
(263, 18, 0, ''),
(264, 18, 0, ''),
(265, 18, 0, ''),
(266, 18, 0, ''),
(267, 18, 0, ''),
(268, 19, 0, ''),
(269, 20, 0, ''),
(270, 20, 0, ''),
(271, 20, 0, ''),
(272, 20, 0, ''),
(273, 20, 0, ''),
(274, 20, 0, ''),
(275, 20, 0, ''),
(276, 20, 0, ''),
(277, 20, 0, ''),
(278, 20, 0, ''),
(279, 20, 0, ''),
(280, 20, 0, ''),
(281, 20, 0, ''),
(282, 20, 0, ''),
(283, 20, 0, ''),
(284, 20, 0, ''),
(285, 20, 0, ''),
(286, 20, 0, ''),
(287, 20, 0, ''),
(288, 20, 0, ''),
(289, 20, 0, ''),
(290, 20, 0, ''),
(291, 20, 0, ''),
(292, 20, 0, ''),
(293, 20, 0, ''),
(294, 20, 0, ''),
(295, 20, 0, ''),
(296, 20, 0, ''),
(297, 20, 0, ''),
(298, 20, 0, ''),
(299, 20, 0, ''),
(300, 20, 0, ''),
(301, 20, 0, ''),
(302, 20, 0, ''),
(303, 20, 0, ''),
(304, 20, 0, ''),
(305, 20, 0, ''),
(306, 20, 0, ''),
(307, 20, 0, ''),
(308, 21, 0, ''),
(309, 21, 0, ''),
(310, 21, 0, ''),
(311, 21, 0, ''),
(312, 21, 0, ''),
(313, 21, 0, ''),
(314, 21, 0, ''),
(315, 21, 0, ''),
(316, 21, 0, ''),
(317, 21, 0, ''),
(318, 21, 0, ''),
(319, 21, 0, ''),
(320, 21, 0, ''),
(321, 21, 0, ''),
(322, 21, 0, ''),
(323, 21, 0, ''),
(324, 21, 0, ''),
(325, 21, 0, ''),
(326, 21, 0, ''),
(327, 21, 0, ''),
(328, 21, 0, ''),
(329, 21, 0, ''),
(330, 21, 0, ''),
(331, 21, 0, ''),
(332, 21, 0, ''),
(333, 21, 0, ''),
(334, 21, 0, ''),
(335, 21, 0, ''),
(336, 21, 0, ''),
(337, 21, 0, ''),
(338, 21, 0, ''),
(339, 21, 0, ''),
(340, 21, 0, ''),
(341, 21, 0, ''),
(342, 21, 0, ''),
(343, 22, 0, ''),
(344, 22, 0, ''),
(345, 22, 0, ''),
(346, 22, 0, ''),
(347, 22, 0, ''),
(348, 22, 0, ''),
(349, 22, 0, ''),
(350, 22, 0, ''),
(351, 22, 0, ''),
(352, 23, 0, ''),
(353, 23, 0, ''),
(354, 23, 0, ''),
(355, 23, 0, ''),
(356, 23, 0, ''),
(357, 23, 0, ''),
(358, 23, 0, ''),
(359, 24, 0, ''),
(360, 24, 0, ''),
(361, 24, 0, ''),
(362, 24, 0, ''),
(363, 24, 0, ''),
(364, 24, 0, ''),
(365, 24, 0, ''),
(366, 24, 0, ''),
(367, 25, 0, ''),
(368, 25, 0, ''),
(369, 25, 0, ''),
(370, 25, 0, ''),
(371, 25, 0, ''),
(372, 25, 0, ''),
(373, 25, 0, ''),
(374, 25, 0, ''),
(375, 26, 0, ''),
(376, 26, 0, ''),
(377, 26, 0, ''),
(378, 26, 0, ''),
(379, 26, 0, ''),
(380, 26, 0, ''),
(381, 26, 0, ''),
(382, 26, 0, ''),
(383, 26, 0, ''),
(384, 26, 0, ''),
(385, 26, 0, ''),
(386, 26, 0, ''),
(387, 26, 0, ''),
(388, 26, 0, ''),
(389, 26, 0, ''),
(390, 26, 0, ''),
(391, 26, 0, ''),
(392, 26, 0, ''),
(393, 26, 0, ''),
(394, 26, 0, ''),
(395, 26, 0, ''),
(396, 26, 0, ''),
(397, 26, 0, ''),
(398, 26, 0, ''),
(399, 26, 0, ''),
(400, 26, 0, ''),
(401, 26, 0, ''),
(402, 26, 0, ''),
(403, 26, 0, ''),
(404, 26, 0, ''),
(405, 27, 0, ''),
(406, 27, 0, ''),
(407, 27, 0, ''),
(408, 27, 0, ''),
(409, 28, 0, ''),
(410, 28, 0, ''),
(411, 28, 0, ''),
(412, 28, 0, ''),
(413, 28, 0, ''),
(414, 28, 0, ''),
(415, 28, 0, ''),
(416, 28, 0, ''),
(417, 28, 0, ''),
(418, 28, 0, ''),
(419, 28, 0, ''),
(420, 28, 0, ''),
(421, 28, 0, ''),
(422, 28, 0, ''),
(423, 28, 0, ''),
(424, 28, 0, ''),
(425, 28, 0, ''),
(426, 29, 0, ''),
(427, 29, 0, ''),
(428, 29, 0, ''),
(429, 29, 0, ''),
(430, 29, 0, ''),
(431, 29, 0, ''),
(432, 29, 0, ''),
(433, 29, 0, ''),
(434, 29, 0, ''),
(435, 29, 0, ''),
(436, 29, 0, ''),
(437, 29, 0, ''),
(438, 29, 0, ''),
(439, 29, 0, ''),
(440, 29, 0, ''),
(441, 29, 0, ''),
(442, 29, 0, ''),
(443, 29, 0, ''),
(444, 29, 0, ''),
(445, 29, 0, ''),
(446, 29, 0, ''),
(447, 29, 0, ''),
(448, 29, 0, ''),
(449, 29, 0, ''),
(450, 29, 0, ''),
(451, 29, 0, ''),
(452, 29, 0, ''),
(453, 29, 0, ''),
(454, 29, 0, ''),
(455, 29, 0, ''),
(456, 29, 0, ''),
(457, 29, 0, ''),
(458, 30, 0, ''),
(459, 31, 0, ''),
(460, 31, 0, ''),
(461, 31, 0, ''),
(462, 31, 0, ''),
(463, 31, 0, ''),
(464, 31, 0, ''),
(465, 31, 0, ''),
(466, 31, 0, ''),
(467, 31, 0, ''),
(468, 31, 0, ''),
(469, 31, 0, ''),
(470, 31, 0, ''),
(471, 31, 0, ''),
(472, 31, 0, ''),
(473, 31, 0, ''),
(474, 31, 0, ''),
(475, 31, 0, ''),
(476, 31, 0, ''),
(477, 31, 0, ''),
(478, 31, 0, ''),
(479, 31, 0, ''),
(480, 31, 0, ''),
(481, 31, 0, ''),
(482, 31, 0, ''),
(483, 31, 0, ''),
(484, 31, 0, ''),
(485, 31, 0, ''),
(486, 31, 0, ''),
(487, 31, 0, ''),
(488, 31, 0, ''),
(489, 32, 0, ''),
(490, 32, 0, ''),
(491, 32, 0, ''),
(492, 32, 0, ''),
(493, 33, 0, ''),
(494, 33, 0, ''),
(495, 33, 0, ''),
(496, 33, 0, ''),
(497, 33, 0, ''),
(498, 33, 0, ''),
(499, 33, 0, ''),
(500, 33, 0, ''),
(501, 33, 0, ''),
(502, 33, 0, ''),
(503, 33, 0, ''),
(504, 33, 0, ''),
(505, 33, 0, ''),
(506, 33, 0, ''),
(507, 33, 0, ''),
(508, 33, 0, ''),
(509, 33, 0, ''),
(510, 33, 0, ''),
(511, 33, 0, ''),
(512, 33, 0, ''),
(513, 33, 0, ''),
(514, 33, 0, ''),
(515, 33, 0, ''),
(516, 33, 0, ''),
(517, 33, 0, ''),
(518, 33, 0, ''),
(519, 33, 0, ''),
(520, 33, 0, ''),
(521, 33, 0, ''),
(522, 33, 0, ''),
(523, 33, 0, ''),
(524, 33, 0, ''),
(525, 33, 0, ''),
(526, 33, 0, ''),
(527, 33, 0, ''),
(528, 33, 0, ''),
(529, 33, 0, ''),
(530, 33, 0, ''),
(531, 33, 0, ''),
(532, 33, 0, ''),
(533, 33, 0, ''),
(534, 33, 0, ''),
(535, 33, 0, ''),
(536, 33, 0, ''),
(537, 33, 0, ''),
(538, 33, 0, ''),
(539, 33, 0, ''),
(540, 33, 0, ''),
(541, 33, 0, ''),
(542, 33, 0, ''),
(543, 33, 0, ''),
(544, 33, 0, ''),
(545, 33, 0, ''),
(546, 33, 0, ''),
(547, 33, 0, ''),
(548, 33, 0, ''),
(549, 33, 0, ''),
(550, 33, 0, ''),
(551, 33, 0, ''),
(552, 33, 0, ''),
(553, 33, 0, ''),
(554, 33, 0, ''),
(555, 33, 0, ''),
(556, 33, 0, ''),
(557, 33, 0, ''),
(558, 33, 0, ''),
(559, 33, 0, ''),
(560, 33, 0, ''),
(561, 33, 0, ''),
(562, 33, 0, ''),
(563, 34, 0, ''),
(564, 34, 0, ''),
(565, 34, 0, ''),
(566, 34, 0, ''),
(567, 34, 0, ''),
(568, 34, 0, ''),
(569, 34, 0, ''),
(570, 34, 0, ''),
(571, 34, 0, ''),
(572, 34, 0, ''),
(573, 34, 0, ''),
(574, 34, 0, ''),
(575, 34, 0, ''),
(576, 35, 0, ''),
(577, 35, 0, ''),
(578, 35, 0, ''),
(579, 35, 0, ''),
(580, 35, 0, ''),
(581, 35, 0, ''),
(582, 35, 0, ''),
(583, 35, 0, ''),
(584, 35, 0, ''),
(585, 35, 0, ''),
(586, 35, 0, ''),
(587, 35, 0, ''),
(588, 35, 0, ''),
(589, 35, 0, ''),
(590, 35, 0, ''),
(591, 35, 0, ''),
(592, 35, 0, ''),
(593, 35, 0, '');

-- --------------------------------------------------------

--
-- Table structure for table `education`
--

CREATE TABLE IF NOT EXISTS `education` (
  `id` int(11) NOT NULL AUTO_INCREMENT,
  `education` varchar(255) NOT NULL,
  PRIMARY KEY (`id`)
) ENGINE=InnoDB  DEFAULT CHARSET=latin1 AUTO_INCREMENT=8 ;

--
-- Dumping data for table `education`
--

INSERT INTO `education` (`id`, `education`) VALUES
(1, 'High School'),
(2, 'Bachelor'),
(3, 'Masters'),
(4, 'Associates degree'),
(5, 'PhD'),
(6, 'Technical School'),
(7, 'MD');

-- --------------------------------------------------------

--
-- Table structure for table `education_info`
--

CREATE TABLE IF NOT EXISTS `education_info` (
  `id` int(10) unsigned NOT NULL AUTO_INCREMENT,
  `UserID` int(10) unsigned NOT NULL DEFAULT '0',
  `Education` varchar(45) NOT NULL DEFAULT '',
  `Profession` varchar(45) NOT NULL DEFAULT '',
  `AnnualIncome` varchar(45) NOT NULL DEFAULT '',
  `FamilyStatus` varchar(25) NOT NULL DEFAULT '',
  `hide` tinyint(3) unsigned NOT NULL DEFAULT '0',
  PRIMARY KEY (`id`)
) ENGINE=InnoDB DEFAULT CHARSET=latin1 AUTO_INCREMENT=1 ;

--
-- Dumping data for table `education_info`
--


-- --------------------------------------------------------

--
-- Table structure for table `family_info`
--

CREATE TABLE IF NOT EXISTS `family_info` (
  `id` int(10) unsigned NOT NULL AUTO_INCREMENT,
  `UserID` int(10) unsigned NOT NULL DEFAULT '0',
  `LiveWith` varchar(25) NOT NULL DEFAULT '',
  `ParentsLiveIn` varchar(25) NOT NULL DEFAULT '',
  `FatherAlive` varchar(10) NOT NULL DEFAULT '',
  `MotherAlive` varchar(10) NOT NULL DEFAULT '',
  `Brothers` int(10) unsigned NOT NULL DEFAULT '0',
  `MarriedBrothers` int(10) unsigned NOT NULL DEFAULT '0',
  `Sisters` int(10) unsigned NOT NULL DEFAULT '0',
  `MarriedSisters` int(10) unsigned NOT NULL DEFAULT '0',
  `hide` tinyint(3) unsigned NOT NULL DEFAULT '0',
  PRIMARY KEY (`id`)
) ENGINE=InnoDB DEFAULT CHARSET=latin1 AUTO_INCREMENT=1 ;

--
-- Dumping data for table `family_info`
--


-- --------------------------------------------------------

--
-- Table structure for table `languages`
--

CREATE TABLE IF NOT EXISTS `languages` (
  `id` int(11) NOT NULL AUTO_INCREMENT,
  `MotherTongue` varchar(255) NOT NULL,
  PRIMARY KEY (`id`)
) ENGINE=InnoDB  DEFAULT CHARSET=latin1 AUTO_INCREMENT=39 ;

--
-- Dumping data for table `languages`
--

INSERT INTO `languages` (`id`, `MotherTongue`) VALUES
(1, 'Hindi'),
(2, 'English'),
(3, 'Urdu'),
(4, 'Punjabi'),
(5, 'Pushto'),
(6, 'Sindhi'),
(7, 'Arabic'),
(8, 'Tamil'),
(9, 'Gujarati'),
(10, 'Bangla'),
(11, 'Assamese'),
(12, 'Awadhi'),
(13, 'Bihari'),
(14, 'Kannada'),
(15, 'Goanese'),
(16, 'Maithili'),
(17, 'Malayalam'),
(18, 'Marathi'),
(19, 'Marwari'),
(20, 'Oriya'),
(21, 'Telugu'),
(22, 'Konkani'),
(23, 'Dari'),
(24, 'Saraiki'),
(25, 'Memon'),
(26, 'French'),
(27, 'Kashmiri'),
(28, 'Nepali'),
(29, 'Malay'),
(30, 'Tulu'),
(31, 'Rajasthani'),
(32, 'Sinhala'),
(33, 'Norwegian'),
(34, 'Angika'),
(35, 'Bhili/Bhilodi'),
(36, 'Santali'),
(37, 'Dorgi'),
(38, 'Other');

-- --------------------------------------------------------

--
-- Table structure for table `location_info`
--

CREATE TABLE IF NOT EXISTS `location_info` (
  `id` int(10) unsigned NOT NULL AUTO_INCREMENT,
  `UserID` int(10) unsigned NOT NULL DEFAULT '0',
  `LivingIn` varchar(45) NOT NULL DEFAULT '',
  `State` varchar(45) NOT NULL DEFAULT '',
  `City` varchar(45) NOT NULL DEFAULT '',
  `PostalCode` varchar(15) NOT NULL DEFAULT '',
  `Street` varchar(100) NOT NULL DEFAULT '',
  `BornIn` varchar(45) NOT NULL DEFAULT '',
  `GrewUpIn` varchar(45) NOT NULL DEFAULT '',
  `Nationality` varchar(45) NOT NULL DEFAULT '',
  `ResidenceType` varchar(30) NOT NULL DEFAULT '',
  `CanRelocate` varchar(5) NOT NULL DEFAULT '',
  `hide` tinyint(3) unsigned NOT NULL DEFAULT '0',
  PRIMARY KEY (`id`)
) ENGINE=InnoDB DEFAULT CHARSET=latin1 AUTO_INCREMENT=1 ;

--
-- Dumping data for table `location_info`
--


-- --------------------------------------------------------

--
-- Table structure for table `partner_profile`
--

CREATE TABLE IF NOT EXISTS `partner_profile` (
  `PartnerProfileID` bigint(20) NOT NULL AUTO_INCREMENT,
  `UserID` bigint(20) NOT NULL DEFAULT '0',
  `Gender` varchar(250) DEFAULT NULL,
  `AgeFrom` varchar(250) DEFAULT NULL,
  `AgeTo` varchar(250) DEFAULT NULL,
  `MaritalStatus` varchar(250) DEFAULT NULL,
  `HaveChildren` varchar(250) DEFAULT NULL,
  `HeightFrom` varchar(250) DEFAULT '0',
  `BodyType` varchar(250) DEFAULT NULL,
  `Manglik` varchar(250) DEFAULT NULL,
  `Complexion` varchar(250) DEFAULT NULL,
  `SpecialCases` varchar(250) DEFAULT NULL,
  `HIV` varchar(250) DEFAULT NULL,
  `Religion` text,
  `MotherTongue` text,
  `FamilyValues` varchar(250) DEFAULT NULL,
  `EducationLevel` text,
  `EducationArea` text,
  `Profession` text,
  `Diet` varchar(250) DEFAULT NULL,
  `Smoke` varchar(250) DEFAULT NULL,
  `Drink` varchar(250) DEFAULT NULL,
  `CountryOfResidence` text,
  `StateOfResidence` text,
  `ResidencyStatus` varchar(250) DEFAULT NULL,
  `HeightTo` varchar(250) DEFAULT '0',
  PRIMARY KEY (`PartnerProfileID`)
) ENGINE=MyISAM  DEFAULT CHARSET=latin1 AUTO_INCREMENT=22 ;

--
-- Dumping data for table `partner_profile`
--


-- --------------------------------------------------------

--
-- Table structure for table `partner_seeking`
--

CREATE TABLE IF NOT EXISTS `partner_seeking` (
  `id` int(10) unsigned NOT NULL AUTO_INCREMENT,
  `UserID` int(10) unsigned NOT NULL DEFAULT '0',
  `Age` int(10) unsigned NOT NULL DEFAULT '0',
  `MaritalStatus` varchar(15) NOT NULL DEFAULT '',
  `Manglik` varchar(15) NOT NULL DEFAULT '',
  `ReligionCaste` varchar(75) NOT NULL DEFAULT '',
  `MotherTongue` varchar(15) NOT NULL DEFAULT '',
  `Education` varchar(45) NOT NULL DEFAULT '',
  `Profession` varchar(45) NOT NULL DEFAULT '',
  PRIMARY KEY (`id`)
) ENGINE=InnoDB DEFAULT CHARSET=latin1 AUTO_INCREMENT=1 ;

--
-- Dumping data for table `partner_seeking`
--


-- --------------------------------------------------------

--
-- Table structure for table `personal_info`
--

CREATE TABLE IF NOT EXISTS `personal_info` (
  `id` int(10) unsigned NOT NULL AUTO_INCREMENT,
  `UserID` int(10) unsigned NOT NULL DEFAULT '0',
  `CreatedBy` varchar(15) NOT NULL DEFAULT '',
  `LikeToMarry` varchar(50) NOT NULL DEFAULT '',
  `MaritalStatus` varchar(15) NOT NULL DEFAULT '',
  `DOB` datetime NOT NULL DEFAULT '0000-00-00 00:00:00',
  `Height` int(10) unsigned NOT NULL DEFAULT '0',
  `Weight` int(10) unsigned NOT NULL DEFAULT '0',
  `BodyType` varchar(15) NOT NULL DEFAULT '',
  `Complexion` varchar(15) NOT NULL DEFAULT '',
  `EyeColor` varchar(15) NOT NULL DEFAULT '',
  `HairColor` varchar(15) NOT NULL DEFAULT '',
  `Drink` varchar(45) NOT NULL DEFAULT '',
  `Smoke` varchar(45) NOT NULL DEFAULT '',
  `AboutMe` text NOT NULL,
  `hide` tinyint(3) unsigned NOT NULL DEFAULT '0',
  PRIMARY KEY (`id`)
) ENGINE=InnoDB DEFAULT CHARSET=latin1 AUTO_INCREMENT=1 ;

--
-- Dumping data for table `personal_info`
--


-- --------------------------------------------------------

--
-- Table structure for table `profession`
--

CREATE TABLE IF NOT EXISTS `profession` (
  `id` int(11) NOT NULL AUTO_INCREMENT,
  `profession` varchar(255) NOT NULL,
  PRIMARY KEY (`id`)
) ENGINE=InnoDB  DEFAULT CHARSET=latin1 AUTO_INCREMENT=111 ;

--
-- Dumping data for table `profession`
--

INSERT INTO `profession` (`id`, `profession`) VALUES
(1, 'Academic '),
(2, 'Accounting'),
(3, 'Administrative'),
(4, 'Air Hostess'),
(5, 'Allied Health Care'),
(6, 'Architect'),
(7, 'Armed Forces'),
(8, 'Astrologer'),
(9, 'Aviation'),
(10, 'Banking'),
(11, 'Business Owner'),
(12, 'Call Center'),
(13, 'Chartered Accountant'),
(14, 'Choreographer'),
(15, 'Clerical'),
(16, 'College Student'),
(17, 'Company Secretary'),
(18, 'Construction'),
(19, 'Consultant'),
(20, 'Customer Services'),
(21, 'Economist'),
(22, 'Engineer'),
(23, 'Event Management'),
(24, 'Executive'),
(25, 'Fashion Design'),
(26, 'Finance'),
(27, 'Food Services-Hotel'),
(28, 'Government'),
(29, 'Graphic Designer'),
(30, 'Human Resource'),
(31, 'IT Professional'),
(32, 'Interior Designer'),
(33, 'Journalist'),
(34, 'Lawyer'),
(35, 'Make up Artist'),
(36, 'Manager'),
(37, 'Media'),
(38, 'Medical - Dentist'),
(39, 'Medical - Doctor'),
(40, 'Medical Transcriptionist'),
(41, 'Academic'),
(42, 'Accounting'),
(43, 'Administrative'),
(44, 'Air Hostess'),
(45, 'Allied Health Care'),
(46, 'Architect'),
(47, 'Armed Forces'),
(48, 'Astrologer'),
(49, 'Aviation'),
(50, 'Banking'),
(51, 'Business Owner'),
(52, 'Call Center'),
(53, 'Chartered Accountant'),
(54, 'Choreographer'),
(55, 'Clerical'),
(56, 'College Student'),
(57, 'Company Secretary'),
(58, 'Construction'),
(59, 'Consultant'),
(60, 'Customer Services'),
(61, 'Economist'),
(62, 'Engineer'),
(63, 'Event Management'),
(64, 'Executive'),
(65, 'Fashion Design'),
(66, 'Finance'),
(67, 'Food Services-Hotel'),
(68, 'Government'),
(69, 'Graphic Designer'),
(70, 'Human Resource'),
(71, 'IT Professional'),
(72, 'Interior Designer'),
(73, 'Journalist'),
(74, 'Lawyer'),
(75, 'Make up Artist'),
(76, 'Manager'),
(77, 'Media'),
(78, 'Medical - Dentist'),
(79, 'Medical - Doctor'),
(80, 'Medical Transcriptionist'),
(81, 'Merchandiser'),
(82, 'Merchant Navy'),
(83, 'Microbiologist'),
(84, 'Modeling/Acting'),
(85, 'NGO'),
(86, 'Not Working'),
(87, 'Nurse'),
(88, 'Nutritionist'),
(89, 'Others'),
(90, 'Pharmacist'),
(91, 'Photographer'),
(92, 'Physiotherapist'),
(93, 'Pilot'),
(94, 'Professor'),
(95, 'Psychologist'),
(96, 'Research Associate'),
(97, 'Retailer'),
(98, 'Sales/Marketing'),
(99, 'Scientist'),
(100, 'Self Employed'),
(101, 'Software Profession'),
(102, 'Sportsman'),
(103, 'Teacher'),
(104, 'Technical'),
(105, 'Telecom'),
(106, 'Therapist'),
(107, 'Tourism and Hotel Management'),
(108, 'Unemployed'),
(109, 'Web Designer'),
(110, 'Writer');

-- --------------------------------------------------------

--
-- Table structure for table `profile_shortlist`
--

CREATE TABLE IF NOT EXISTS `profile_shortlist` (
  `id` int(11) NOT NULL AUTO_INCREMENT,
  `UserID` int(11) NOT NULL,
  `IntrestedUserId` int(11) NOT NULL,
  `AddDate` datetime NOT NULL,
  PRIMARY KEY (`id`)
) ENGINE=InnoDB DEFAULT CHARSET=latin1 AUTO_INCREMENT=1 ;

--
-- Dumping data for table `profile_shortlist`
--


-- --------------------------------------------------------

--
-- Table structure for table `religion`
--

CREATE TABLE IF NOT EXISTS `religion` (
  `ReligionID` bigint(20) NOT NULL AUTO_INCREMENT,
  `Religion` varchar(250) DEFAULT NULL,
  PRIMARY KEY (`ReligionID`)
) ENGINE=MyISAM  DEFAULT CHARSET=latin1 AUTO_INCREMENT=40 ;

--
-- Dumping data for table `religion`
--

INSERT INTO `religion` (`ReligionID`, `Religion`) VALUES
(1, 'Muslim'),
(2, 'Muslim: Sunni'),
(3, 'Muslim: Shia'),
(4, 'Muslim: Bengali'),
(5, 'Muslim: Dawoodi Bohra'),
(6, 'Christian'),
(7, 'Christian: Protestant'),
(8, 'Christian: Born Again'),
(9, 'Christian: Roman Catholic'),
(10, 'Hindu'),
(11, 'Hindu: Assamese'),
(12, 'Hindu: Bengali'),
(13, 'Hindu: Gujarati'),
(14, 'Hindu: Hindi'),
(15, 'Hindu: Kannada'),
(16, 'Hindu: Konkani'),
(17, 'Hindu: Malayalam'),
(18, 'Hindu: Marathi'),
(19, 'Hindu: Marwari'),
(20, 'Hindu: Oriya'),
(21, 'Hindu: Punjabi'),
(22, 'Hindu: Sindhi'),
(23, 'Hindu: Tamil'),
(24, 'Hindu: Telugu'),
(25, 'Parsi'),
(26, 'Sikh'),
(27, 'Sikh: Jat'),
(28, 'Sikh: Ramgharia'),
(29, 'Sikh: Khatri'),
(30, 'Sikh: Gursikh'),
(31, 'Jain'),
(32, 'Jain: Shewetamber'),
(33, 'Jain: Digambar'),
(34, 'Jain: Vania'),
(35, 'Buddhist'),
(36, 'Jewish'),
(37, 'No Religion'),
(38, 'Spiritual - not religious'),
(39, 'Other');

-- --------------------------------------------------------

--
-- Table structure for table `religion_info`
--

CREATE TABLE IF NOT EXISTS `religion_info` (
  `id` int(10) unsigned NOT NULL AUTO_INCREMENT,
  `UserID` int(10) unsigned NOT NULL DEFAULT '0',
  `MotherTongue` varchar(15) NOT NULL DEFAULT '',
  `Culture` varchar(15) NOT NULL DEFAULT '',
  `ReligionCaste` varchar(75) NOT NULL DEFAULT '',
  `Manglik` varchar(15) NOT NULL DEFAULT '',
  `Lifestyle` varchar(25) NOT NULL DEFAULT '',
  `hide` tinyint(3) unsigned NOT NULL DEFAULT '0',
  PRIMARY KEY (`id`)
) ENGINE=InnoDB DEFAULT CHARSET=latin1 AUTO_INCREMENT=1 ;

--
-- Dumping data for table `religion_info`
--


-- --------------------------------------------------------

--
-- Table structure for table `sessions`
--

CREATE TABLE IF NOT EXISTS `sessions` (
  `session_id` varchar(40) NOT NULL DEFAULT '0',
  `ip_address` varchar(45) NOT NULL DEFAULT '0',
  `user_agent` varchar(120) NOT NULL,
  `last_activity` int(10) unsigned NOT NULL DEFAULT '0',
  `user_data` text NOT NULL,
  PRIMARY KEY (`session_id`),
  KEY `last_activity_idx` (`last_activity`)
) ENGINE=InnoDB DEFAULT CHARSET=latin1;

--
-- Dumping data for table `sessions`
--

INSERT INTO `sessions` (`session_id`, `ip_address`, `user_agent`, `last_activity`, `user_data`) VALUES
('95f8e8d758b4686600ed4c78b3fcb6db', '127.0.0.1', 'Mozilla/5.0 (Windows NT 6.1; rv:33.0) Gecko/20100101 Firefox/33.0', 1417946974, '');

-- --------------------------------------------------------

--
-- Table structure for table `states`
--

CREATE TABLE IF NOT EXISTS `states` (
  `StateID` bigint(20) NOT NULL AUTO_INCREMENT,
  `CountryID` bigint(20) NOT NULL DEFAULT '0',
  `State` varchar(250) DEFAULT NULL,
  PRIMARY KEY (`StateID`)
) ENGINE=MyISAM  DEFAULT CHARSET=latin1 AUTO_INCREMENT=350 ;

--
-- Dumping data for table `states`
--

INSERT INTO `states` (`StateID`, `CountryID`, `State`) VALUES
(1, 1, 'Andaman and Nicobar'),
(2, 1, 'Andhra Pradesh'),
(3, 1, 'Arunachal Pradesh'),
(4, 1, 'Assam'),
(5, 1, 'Bihar'),
(6, 1, 'Chandigarh'),
(7, 1, 'Chhattisgarh'),
(8, 1, 'Dadra and Nagar Haveli'),
(9, 1, 'Daman and Diu'),
(10, 1, 'Delhi'),
(11, 1, 'Goa'),
(12, 1, 'Gujarat'),
(13, 1, 'Haryana'),
(14, 1, 'Himachal Pradesh'),
(15, 1, 'Jammu and Kashmir'),
(16, 1, 'Jharkhand'),
(17, 1, 'Karnataka'),
(18, 1, 'Kerala'),
(19, 1, 'Lakshadweep'),
(20, 1, 'Madhya Pradesh'),
(21, 1, 'Maharashtra'),
(22, 1, 'Manipur'),
(23, 1, 'Meghalaya'),
(24, 1, 'Mizoram'),
(25, 1, 'Nagaland'),
(26, 1, 'Orissa'),
(27, 1, 'Puducherry'),
(28, 1, 'Punjab'),
(29, 1, 'Rajasthan'),
(30, 1, 'Sikkim'),
(31, 1, 'Tamil Nadu'),
(32, 1, 'Tripura'),
(33, 1, 'Uttar Pradesh'),
(34, 1, 'Uttarakhand'),
(35, 1, 'West Benga'),
(36, 2, 'Alabama'),
(37, 2, 'Alaska'),
(38, 2, 'Arizona'),
(39, 2, 'Arkansas'),
(40, 2, 'California'),
(41, 2, 'Colorado'),
(42, 2, 'Connecticut'),
(43, 2, 'Delaware'),
(44, 2, 'District of Columbia'),
(45, 2, 'Florida'),
(46, 2, 'Georgia'),
(47, 2, 'Hawaii'),
(48, 2, 'Idaho'),
(49, 2, 'Illinois'),
(50, 2, 'Indiana'),
(51, 2, 'Iowa'),
(52, 2, 'Kansas'),
(53, 2, 'Kentucky'),
(54, 2, 'Louisiana'),
(55, 2, 'Maine'),
(56, 2, 'Maryland'),
(57, 2, 'Massachusetts'),
(58, 2, 'Michigan'),
(59, 2, 'Minnesota'),
(60, 2, 'Mississippi'),
(61, 2, 'Missouri'),
(62, 2, 'Montana'),
(63, 2, 'Nebraska'),
(64, 2, 'Nevada'),
(65, 2, 'New Hampshire'),
(66, 2, 'New Jersey'),
(67, 2, 'New Mexico'),
(68, 2, 'New York'),
(69, 2, 'North Carolina'),
(70, 2, 'North Dakota'),
(71, 2, 'Ohio'),
(72, 2, 'Oklahoma'),
(73, 2, 'Oregon'),
(74, 2, 'Pennsylvania'),
(75, 2, 'Rhode Island'),
(76, 2, ''),
(77, 2, 'South Carolina'),
(78, 2, 'South Carolina'),
(79, 2, 'South Dakota'),
(80, 2, 'Tennessee'),
(81, 2, 'Texas'),
(82, 2, 'Utah'),
(83, 2, 'Vermont'),
(84, 2, 'Virginia'),
(85, 2, 'Washington'),
(86, 2, 'West Virginia'),
(87, 2, 'Wisconsin'),
(88, 2, 'Wyoming'),
(89, 3, 'England'),
(90, 3, 'Northern Ireland'),
(91, 3, 'Scotland'),
(92, 3, 'Wales'),
(93, 4, 'Alberta'),
(94, 4, 'British Columbia'),
(95, 4, 'Labrado'),
(96, 4, 'Manitoba'),
(97, 4, 'New Brunswick'),
(98, 4, 'Newfoundland'),
(99, 4, 'Nova Scotia'),
(100, 4, 'Ontario'),
(101, 4, 'Prince Edward Island'),
(102, 4, 'Quebec'),
(103, 4, 'Saskatchewan'),
(104, 4, 'ACT'),
(105, 5, 'ACT'),
(106, 5, 'New South Wales'),
(107, 5, 'Northern Territory'),
(108, 5, 'Queensland'),
(109, 5, 'South Australia'),
(110, 5, 'Tasmania'),
(111, 5, 'Victoria'),
(112, 5, 'Western Australia'),
(113, 6, 'Albania'),
(114, 6, 'Andorra'),
(115, 6, 'Armenia'),
(116, 6, 'Austria'),
(117, 6, 'Belarus'),
(118, 6, 'Belgium'),
(119, 6, 'Bosnia'),
(120, 6, 'Bulgaria'),
(121, 6, 'Croatia'),
(122, 6, 'Cyprus'),
(123, 6, 'Czech Republic'),
(124, 6, 'Denmark'),
(125, 6, 'Estonia'),
(126, 6, 'Faroe Islands'),
(127, 6, 'Finland'),
(128, 6, 'France'),
(129, 6, 'Georgia'),
(130, 6, 'Germany'),
(131, 6, 'Gibraltar'),
(132, 6, 'Greece'),
(133, 6, 'Greenland'),
(134, 6, 'Holland'),
(135, 6, 'Hungary'),
(136, 6, 'Iceland'),
(137, 6, 'Ireland'),
(138, 6, 'Italy'),
(139, 6, 'Latvia'),
(140, 6, 'Liechtenstein'),
(141, 6, 'Lithuania'),
(142, 6, 'Luxembourg'),
(143, 6, 'Macedonia'),
(144, 6, 'Malta'),
(145, 6, 'Moldova'),
(146, 6, 'Monaco'),
(147, 6, 'Montenegro'),
(148, 6, 'Norway'),
(149, 6, 'Poland'),
(150, 6, 'Portugal'),
(151, 6, 'Romania'),
(152, 6, 'Russia'),
(153, 6, 'San Marino'),
(154, 6, 'Serbia'),
(155, 6, 'Slovakia'),
(156, 6, 'Slovenia'),
(157, 6, 'Spain'),
(158, 6, 'Svalbard'),
(159, 6, 'Sweden'),
(160, 6, 'Switzerland'),
(161, 6, 'Turkey'),
(162, 6, 'Ukraine'),
(163, 6, 'Vatican City'),
(164, 7, 'Afghanistan'),
(165, 7, 'Azerbaijan'),
(166, 7, 'Bangladesh'),
(167, 7, 'Bhutan'),
(168, 7, 'Brunei'),
(169, 7, 'Cambodia'),
(170, 7, 'China'),
(171, 7, 'Hong Kong'),
(172, 7, 'Indonesia'),
(173, 7, 'Japan'),
(174, 7, 'Kazakhstan'),
(175, 7, 'Kyrgyzstan'),
(176, 7, 'Laos'),
(177, 7, 'Macau'),
(178, 7, 'Malaysia'),
(179, 7, 'Maldives'),
(180, 7, 'Mongolia'),
(181, 7, 'Myanmar'),
(182, 7, 'Nepal'),
(183, 7, 'North Korea'),
(184, 7, 'Pakistan'),
(185, 7, 'Paracel Islands'),
(186, 7, 'Philippines'),
(187, 7, 'Singapore'),
(188, 7, 'South Korea'),
(189, 7, 'Spratly Islands'),
(190, 7, 'Sri Lanka'),
(191, 7, 'Taiwan'),
(192, 7, 'Tajikistan'),
(193, 7, 'Thailand'),
(194, 7, 'Turkey'),
(195, 7, 'Turkmenistan'),
(196, 7, 'Uzbekistan'),
(197, 7, 'Vietnam'),
(198, 8, 'Bahrain'),
(199, 8, 'Iran'),
(200, 8, 'Iraq'),
(201, 8, 'Israel'),
(202, 8, 'Jordan'),
(203, 8, 'Kuwait'),
(204, 8, 'Lebanon'),
(205, 8, 'Oman'),
(206, 8, 'Qatar'),
(207, 8, 'Saudi Arabia'),
(208, 8, 'Syria'),
(209, 8, 'UAE'),
(210, 8, 'West Bank'),
(211, 8, 'Yemen'),
(212, 9, 'Algeria'),
(213, 9, 'Angola'),
(214, 9, 'Benin'),
(215, 9, 'Botswana'),
(216, 9, 'Burkina Faso'),
(217, 9, 'Burundi'),
(218, 9, 'Cameroon'),
(219, 9, 'Cape Verde'),
(220, 9, 'Cen. Afr. Rep.'),
(221, 9, 'Chad'),
(222, 9, 'Comoros'),
(223, 9, 'Congo'),
(224, 9, 'Djibouti'),
(225, 9, 'Egypt'),
(226, 9, 'Eq. Guinea'),
(227, 9, 'Eritrea'),
(228, 9, 'Ethiopia'),
(229, 9, 'Gabon'),
(230, 9, 'Ghana'),
(231, 9, 'Guinea'),
(232, 9, 'Guinea Bissau'),
(233, 9, 'Ivory Coast'),
(234, 9, 'Kenya'),
(235, 9, 'Lesotho'),
(236, 9, 'Liberia'),
(237, 9, 'Libya'),
(238, 9, 'Madagascar'),
(239, 9, 'Malawi'),
(240, 9, 'Mali'),
(241, 9, 'Mauritania'),
(242, 9, 'Mauritius'),
(243, 9, 'Morocco'),
(244, 9, 'Mozambique'),
(245, 9, 'Namibia'),
(246, 9, 'Niger'),
(247, 9, 'Nigeria'),
(248, 9, 'Reunion'),
(249, 9, 'Rwanda'),
(250, 9, 'Saint Helena'),
(251, 9, 'Sao Tome'),
(252, 9, 'Senegal'),
(253, 9, 'Seychelles'),
(254, 9, 'Sierra Leone'),
(255, 9, 'Somalia'),
(256, 9, 'South Africa'),
(257, 9, 'Sudan'),
(258, 9, 'Swaziland'),
(259, 9, 'Tanzania'),
(260, 9, 'The Gambia'),
(261, 9, 'Togo'),
(262, 9, 'Tunisia'),
(263, 9, ''),
(264, 9, 'Uganda'),
(265, 9, 'W. Sahara'),
(266, 9, 'Zaire'),
(267, 9, 'Zambia'),
(268, 9, 'Zimbabwe'),
(269, 10, 'Anguilla'),
(270, 10, 'Antigua'),
(271, 10, 'Aruba'),
(272, 10, 'Bahamas'),
(273, 10, 'Barbados'),
(274, 10, 'Belize'),
(275, 10, 'Bermuda'),
(276, 10, 'British V.I.'),
(277, 10, 'Cayman Islands'),
(278, 10, 'Colombia'),
(279, 10, 'Costa Rica'),
(280, 10, 'Cuba'),
(281, 10, 'Dom. Republic'),
(282, 10, 'Dominica'),
(283, 10, 'Dutch Antilles'),
(284, 10, 'El Salvador'),
(285, 10, 'Grenada'),
(286, 10, 'Grenadines'),
(287, 10, 'Guadeloupe'),
(288, 10, 'Haiti'),
(289, 10, 'Jamaica'),
(290, 10, 'Martinique'),
(291, 10, 'Mexico'),
(292, 10, 'Panama'),
(293, 10, 'Puerto Rico'),
(294, 10, 'St. Barths'),
(295, 10, 'St. Kitts'),
(296, 10, 'St. Lucia'),
(297, 10, 'St. Martin'),
(298, 10, 'St. Vincent'),
(299, 10, 'Trinidad and Tobago'),
(300, 10, 'Turks and Caicos'),
(301, 10, 'US Virgin Islands'),
(302, 10, 'Venezuela'),
(303, 11, 'American Samoa'),
(304, 11, 'Cook Islands'),
(305, 11, 'East Timor'),
(306, 11, 'Fiji'),
(307, 11, 'French Polynesia'),
(308, 11, 'Guam'),
(309, 11, 'Kiribati'),
(310, 11, 'Mariana Islands'),
(311, 11, 'Marshall Islands'),
(312, 11, 'Micronesia'),
(313, 11, 'Nauru'),
(314, 11, 'New Caledonia'),
(315, 11, 'New Zealand'),
(316, 11, 'Palau'),
(317, 11, 'Pap. New Guinea'),
(318, 11, 'Pitcairn Islands'),
(319, 11, 'Samoa (Western)'),
(320, 11, 'Solomon Isles'),
(321, 11, 'Tokelau'),
(322, 11, 'Tonga'),
(323, 11, 'Tuvalu'),
(324, 11, 'Vanuatu'),
(325, 11, 'Wallis And Futuna'),
(326, 11, 'Argentina'),
(327, 11, 'Belize'),
(328, 12, 'Belize'),
(329, 12, 'Bolivia'),
(330, 12, 'Brazil'),
(331, 12, 'Chile'),
(332, 12, 'Colombia'),
(333, 12, 'Costa Rica'),
(334, 12, 'Ecuador'),
(335, 12, 'El Salvador'),
(336, 12, 'Falklands'),
(337, 12, 'Fr. Guiana'),
(338, 12, 'Guatemala'),
(339, 12, 'Guyana'),
(340, 12, 'Honduras'),
(341, 12, 'Mexico'),
(342, 12, 'Nicaragua'),
(343, 12, 'Panama'),
(344, 12, 'Paraguay'),
(345, 12, 'Peru'),
(346, 12, 'Sth. Georgia'),
(347, 12, 'Suriname'),
(348, 12, 'Uruguay'),
(349, 12, 'Venezuela');

-- --------------------------------------------------------

--
-- Table structure for table `subscription`
--

CREATE TABLE IF NOT EXISTS `subscription` (
  `id` int(10) unsigned NOT NULL AUTO_INCREMENT,
  `UserID` int(10) unsigned NOT NULL,
  `MembershipCatID` tinyint(3) unsigned NOT NULL,
  `StartDate` date NOT NULL,
  `EndDate` date NOT NULL,
  PRIMARY KEY (`id`)
) ENGINE=InnoDB DEFAULT CHARSET=latin1 AUTO_INCREMENT=1 ;

--
-- Dumping data for table `subscription`
--


-- --------------------------------------------------------

--
-- Table structure for table `users`
--

CREATE TABLE IF NOT EXISTS `users` (
  `id` bigint(20) NOT NULL AUTO_INCREMENT,
  `LoginID` varchar(250) DEFAULT NULL,
  `Email` varchar(250) DEFAULT NULL,
  `FirstName` varchar(255) NOT NULL,
  `LastName` varchar(255) NOT NULL DEFAULT '',
  `Password` varchar(250) DEFAULT NULL,
  `Gender` varchar(250) DEFAULT NULL,
  `Activated` int(11) NOT NULL DEFAULT '0',
  `Blocked` int(11) NOT NULL DEFAULT '1',
  `RegistrationDate` timestamp NOT NULL DEFAULT CURRENT_TIMESTAMP,
  `UserType` int(11) NOT NULL DEFAULT '1',
  PRIMARY KEY (`id`)
) ENGINE=MyISAM  DEFAULT CHARSET=latin1 AUTO_INCREMENT=5 ;

--
-- Dumping data for table `users`
--

INSERT INTO `users` (`id`, `LoginID`, `Email`, `FirstName`, `LastName`, `Password`, `Gender`, `Activated`, `Blocked`, `RegistrationDate`, `UserType`) VALUES
(1, 'siddheshchavan', 'siddheshchavan@gmail.com', 'Siddhesh', 'Chavan', 'e10adc3949ba59abbe56e057f20f883e', 'male', 1, 0, '0000-00-00 00:00:00', 1),
(2, 'pratikshadubey', 'pratikshadubey5@gmail.com', 'Pratiksha', 'Dubey', 'e10adc3949ba59abbe56e057f20f883e', 'female', 1, 0, '2014-12-05 21:36:49', 1),
(3, NULL, 'test@test.com', 'test', 'test', '098f6bcd4621d373cade4e832627b4f6', 'male', 1, 0, '2014-12-06 16:03:16', 0),
(4, NULL, '0', '0', '0', 'd41d8cd98f00b204e9800998ecf8427e', '0', 0, 0, '2014-12-07 12:32:53', 0);

-- --------------------------------------------------------

--
-- Table structure for table `user_profile`
--

CREATE TABLE IF NOT EXISTS `user_profile` (
  `id` bigint(20) NOT NULL AUTO_INCREMENT,
  `UserID` bigint(20) NOT NULL DEFAULT '0',
  `CreatedBy` varchar(250) DEFAULT NULL,
  `MaritalStatus` varchar(250) DEFAULT NULL,
  `HaveChildren` varchar(250) DEFAULT NULL,
  `Height` varchar(250) DEFAULT NULL,
  `BodyType` varchar(250) DEFAULT NULL,
  `Complexion` varchar(250) DEFAULT NULL,
  `MotherTongue` varchar(250) DEFAULT NULL,
  `Caste` varchar(250) DEFAULT NULL,
  `SubCaste` varchar(250) DEFAULT NULL,
  `Manglik` varchar(250) DEFAULT NULL,
  `FamilyValues` varchar(250) DEFAULT NULL,
  `Education` varchar(250) DEFAULT NULL,
  `EducationIn` varchar(250) DEFAULT NULL,
  `Profession` varchar(250) DEFAULT NULL,
  `Diet` varchar(250) DEFAULT NULL,
  `Smoke` varchar(250) DEFAULT NULL,
  `Drink` varchar(250) DEFAULT NULL,
  `StateID` bigint(20) NOT NULL DEFAULT '0',
  `CityID` bigint(20) NOT NULL DEFAULT '0',
  `ResidencyStatus` varchar(250) DEFAULT NULL,
  `PhoneStatus` varchar(250) DEFAULT NULL,
  `CountryCode` varchar(250) DEFAULT NULL,
  `AreaStdCode` varchar(250) DEFAULT NULL,
  `PhoneNumber` varchar(250) DEFAULT NULL,
  `DisplayContactStatus` varchar(250) DEFAULT NULL,
  `AboutYourself` text,
  `BloodGroup` varchar(250) DEFAULT NULL,
  `Gotra` varchar(250) DEFAULT NULL,
  `AnnualIncome` varchar(250) DEFAULT NULL,
  `ContactPersonName` varchar(250) DEFAULT NULL,
  `ContactPersonRelationShip` varchar(250) DEFAULT NULL,
  `ConvenientCallTime` varchar(250) DEFAULT NULL,
  `PersonalValues` varchar(250) DEFAULT NULL,
  `CountryOfBirth` bigint(25) NOT NULL DEFAULT '0',
  `Father` varchar(250) DEFAULT NULL,
  `Mother` varchar(250) DEFAULT NULL,
  `Brothers` varchar(250) DEFAULT NULL,
  `Sisters` varchar(250) DEFAULT NULL,
  `MarriedBrothers` varchar(250) DEFAULT NULL,
  `MarriedSisters` varchar(250) DEFAULT NULL,
  `AboutFamily` text,
  `BirthCity` int(11) DEFAULT '0',
  `Hobbies` text,
  `Interests` text,
  `FavoriteMusic` text,
  `FavoriteReads` text,
  `PreferredMovies` text,
  `Sports` text,
  `FavoriteCuisine` text,
  `PreferredDress` text,
  `SpokenLanguages` text,
  `CountryCode2` varchar(250) DEFAULT NULL,
  `Rasi` varchar(250) DEFAULT NULL,
  `Nakshatra` varchar(250) DEFAULT NULL,
  `Astroprofile` varchar(250) DEFAULT NULL,
  `DOB` datetime NOT NULL,
  `Age` int(11) NOT NULL,
  `ReligionID` int(11) NOT NULL,
  `CountryID` int(11) NOT NULL,
  PRIMARY KEY (`id`)
) ENGINE=MyISAM  DEFAULT CHARSET=latin1 AUTO_INCREMENT=4 ;

--
-- Dumping data for table `user_profile`
--

INSERT INTO `user_profile` (`id`, `UserID`, `CreatedBy`, `MaritalStatus`, `HaveChildren`, `Height`, `BodyType`, `Complexion`, `MotherTongue`, `Caste`, `SubCaste`, `Manglik`, `FamilyValues`, `Education`, `EducationIn`, `Profession`, `Diet`, `Smoke`, `Drink`, `StateID`, `CityID`, `ResidencyStatus`, `PhoneStatus`, `CountryCode`, `AreaStdCode`, `PhoneNumber`, `DisplayContactStatus`, `AboutYourself`, `BloodGroup`, `Gotra`, `AnnualIncome`, `ContactPersonName`, `ContactPersonRelationShip`, `ConvenientCallTime`, `PersonalValues`, `CountryOfBirth`, `Father`, `Mother`, `Brothers`, `Sisters`, `MarriedBrothers`, `MarriedSisters`, `AboutFamily`, `BirthCity`, `Hobbies`, `Interests`, `FavoriteMusic`, `FavoriteReads`, `PreferredMovies`, `Sports`, `FavoriteCuisine`, `PreferredDress`, `SpokenLanguages`, `CountryCode2`, `Rasi`, `Nakshatra`, `Astroprofile`, `DOB`, `Age`, `ReligionID`, `CountryID`) VALUES
(1, 1, '1', NULL, NULL, NULL, NULL, NULL, NULL, NULL, NULL, NULL, NULL, NULL, NULL, NULL, NULL, NULL, NULL, 0, 0, NULL, NULL, NULL, NULL, NULL, NULL, NULL, NULL, NULL, NULL, NULL, NULL, NULL, NULL, 0, NULL, NULL, NULL, NULL, NULL, NULL, NULL, 0, NULL, NULL, NULL, NULL, NULL, NULL, NULL, NULL, NULL, NULL, NULL, NULL, NULL, '0000-00-00 00:00:00', 0, 0, 0),
(2, 2, '1', NULL, NULL, NULL, NULL, NULL, NULL, NULL, NULL, NULL, NULL, NULL, NULL, NULL, NULL, NULL, NULL, 0, 0, NULL, NULL, NULL, NULL, NULL, NULL, NULL, NULL, NULL, NULL, NULL, NULL, NULL, NULL, 0, NULL, NULL, NULL, NULL, NULL, NULL, NULL, 0, NULL, NULL, NULL, NULL, NULL, NULL, NULL, NULL, NULL, NULL, NULL, NULL, NULL, '0000-00-00 00:00:00', 0, 0, 0),
(3, 3, NULL, NULL, NULL, NULL, NULL, NULL, NULL, NULL, NULL, NULL, NULL, NULL, NULL, NULL, NULL, NULL, NULL, 0, 0, NULL, NULL, NULL, NULL, NULL, NULL, NULL, NULL, NULL, NULL, NULL, NULL, NULL, NULL, 0, NULL, NULL, NULL, NULL, NULL, NULL, NULL, 0, NULL, NULL, NULL, NULL, NULL, NULL, NULL, NULL, NULL, NULL, NULL, NULL, NULL, '0000-00-00 00:00:00', 0, 0, 0);
